id,site_id,shape,loc,scale,skewness,kurtosis,median,mean,std_dev,n
1,3,0.8576710969825438,1.1999999999999997,28.36308686245127,1.156894680158063,0.19731756960091618,14.425,26.154666666666667,24.557424035990557,50
