id,site_id,carrier_id,shape,loc,scale,skewness,kurtosis,median,mean,std_dev,n
1,3,2,1.211886691269898,31.021468212563512,21.282943184186703,0.8795501880949239,-0.4575613325204886,45.875,56.81400000000001,22.171215164248675,50
